id,category,region,store,quantity,unit_price,gross_margin,gross_profit
1,A,R1,16,100.0,6.418625590512592,0.024695985231946573,0.15851428279269333
2,C,R1,20,24.0,7.311937891350157,0.06103158127421504,0.4462591316879496
3,C,R1,9,378.0,2.8725900495396957,0.024931503370850906,0.07161798850317169
4,B,R2,2,5.0,5.242562776035633,0.17577611794898898,0.9215173328754185
5,A,R2,13,5.0,0.5,0.09525548702909559,0.04762774351454779
6,B,R2,5,12.0,8.863526977199296,0.1571981786300749,1.3933302970542627
7,A,R1,20,26.0,3.843115871149913,0.09700440677598247,0.3727991752522604
8,B,R3,17,36.0,1.5185513717671704,0.07906742481343554,0.12006794641254014
9,B,R3,19,24.0,3.4316250863820663,0.09391989221351367,0.3222978582301932
10,B,R3,3,0.0,4.26036244865552,0.02508395393480313,0.10686673540764012
11,C,R2,15,24.0,1.4582616016607663,0.17701845862218568,0.25813922099390857
12,C,R2,2,32.0,0.5,0.10861672720242728,0.05430836360121364
13,B,R2,17,28.0,5.856539486801397,0.060046531478859744,0.35166488265140516
14,A,R3,14,25.0,5.46963377282408,0.07172625824882287,0.39231636451606333
15,C,R2,18,23.0,4.920914031342538,0.08979084454339614,0.4418530267996946
16,A,R1,5,0.0,4.406134305289093,0.07977123156062031,0.3514827599544092
17,B,R2,5,46.0,6.891801415114452,0.1857019263297057,1.2798207986685455
18,B,R2,3,1.0,1.2343960295189,0.11278365344366405,0.13921969400549453
19,B,R3,15,3.0,5.157740373157411,0.0794714940413547,0.40989333333223377
20,A,R1,5,33.0,5.536237434366372,0.06663502203676605,0.36890730343977235
21,C,R1,10,29.0,0.5,0.18812804486325732,0.09406402243162866
22,C,R2,3,0.0,6.644742922621934,0.16716845144571618,1.1107913846295911
23,C,R2,13,17.0,5.90049599688591,0.18042877237370805,1.0646192491141035
24,B,R2,20,31.0,0.5,0.09463936884488462,0.04731968442244231
25,B,R1,5,33.0,1.9220363244780394,0.05793774759906781,0.11135845544384863
26,A,R2,9,8.0,6.1308757698491965,0.13377408796584705,0.8201523145434867
27,B,R3,18,6.0,5.142037787419751,0.06180634016798206,0.31781053664588294
28,B,R1,7,8.0,2.377185577749468,0.17117824124240733,0.4069224463059699
29,B,R1,18,27.0,4.839922783238876,0.11319413227942997,0.5478508597481682
30,A,R1,16,32.0,5.260829565362743,0.13850374387709896,0.7286445907020711
31,C,R1,4,14.0,2.5363154726727912,0.08422561810164021,0.2136227383866196
32,A,R2,7,0.0,4.208710056904105,0.07592319344224326,0.31953870779264504
33,C,R1,1,10.0,7.287419053776331,0.18666499284813892,1.36030602555455
34,A,R2,10,37.0,6.945427126742535,0.09939708665443804,0.6903552219689124
35,B,R3,14,26.0,9.529528882904044,0.1307795453874106,1.2462674550623898
36,B,R3,16,18.0,4.2468413242586855,0.05329673244034047,0.22634276577559637
37,C,R3,12,13.0,5.908061908376975,0.12282500080970744,0.7256577086802037
38,B,R2,17,163.0,6.647511582479778,0.022229188362255188,0.14776878710721605
39,A,R1,4,0.0,7.691367054375284,0.05918442174601998,0.45520911154959026
40,C,R1,8,23.0,6.841227681226042,0.19499013307194865,1.3339718959377647
41,C,R3,6,396.0,1.105280226627832,0.022291206128551587,0.024638029361573218
42,C,R1,6,50.0,4.52935077910098,0.13799367658160092,0.6250217665358828
43,C,R1,4,22.0,8.464690467724004,0.149330199025359,1.2640339122332847
44,C,R1,7,27.0,4.278873515233381,0.08764199224575525,0.37500899944265154
45,B,R1,5,0.0,7.271966072325679,0.05528708856154285,0.40204583225720475
46,C,R1,17,25.0,0.5,0.06767971438425,0.033839857192125
47,A,R1,11,164.0,4.604564890185967,0.022275981607501417,0.10257120280432938
48,A,R2,16,34.0,5.606609439610542,0.12240765709694469,0.6862919257603405
49,C,R1,3,6.0,3.198100598000116,0.0504896848763558,0.1614710913959109
50,A,R2,15,19.0,0.8970492792866107,0.082483489034279,0.07399175439124504
51,C,R2,5,257.0,1.198714539091108,0.028418158131277203,0.034065259326152175
52,C,R3,15,30.0,5.237298641158316,0.190235800897504,0.9963217015401616
53,B,R2,2,23.0,0.5,0.10284098190394002,0.05142049095197001
54,B,R1,9,9.0,4.710096576642984,0.170586159015935,0.8034772836036311
55,C,R3,5,27.0,0.5,0.11214093242410228,0.05607046621205114
56,B,R1,2,11.0,7.011161247833141,0.09873648439921155,0.6922574131670335
57,A,R3,9,14.0,7.209566253435809,0.16163225832074402,1.1652984750558553
58,C,R3,17,12.0,0.5,0.11660335451500747,0.05830167725750374
59,C,R2,19,0.0,7.026978015320568,0.19550527409698593,1.3738112629587418
60,B,R3,16,0.0,8.267972486913878,0.08580837850623335,0.7094613126362296
61,A,R2,4,30.0,4.406876711925298,0.12651193438304037,0.557522497413242
62,C,R2,12,0.0,9.3218960822614,0.025812570171858465,0.2406220967581449
63,A,R1,7,27.0,4.439585610286178,0.14708548153376688,0.6529985872993248
64,B,R1,4,102.0,9.814237315647768,0.022489982633467454,0.22072202678964653
65,A,R2,12,29.0,7.870925267283783,0.12068915648613782,0.9499353312739086
66,A,R2,4,25.0,3.338128781786045,0.11250242106936893,0.3755475697922732
67,B,R3,7,6.0,6.810624646704563,0.10801929273916062,0.7356788574489226
68,B,R3,18,50.0,8.002910285947042,0.10102630427998009,0.8085044496734684
69,A,R2,9,0.0,1.9038011164955515,0.1710517925519175,0.32564859363890597
70,A,R2,2,256.0,6.541001236309204,0.021104666232493796,0.13804564791863502
71,B,R3,5,29.0,6.404048197171493,0.13226736120809174,0.8470465560893106
72,C,R3,17,32.0,1.5248056855688708,0.06659681299955181,0.10154719910248347
73,C,R3,15,201.0,0.5,0.022769425832184713,0.011384712916092356
74,B,R2,18,3.0,6.408937584465188,0.19101991441429983,1.2242347088711296
75,C,R1,13,31.0,5.626879021097224,0.12907548514087588,0.726292139477141
76,B,R1,15,20.0,4.17789475748906,0.07285110261610234,0.3043642396971115
77,A,R3,3,0.0,2.394438731783829,0.16282061646388143,0.3898639903940375
78,A,R1,9,29.0,3.7348497876084945,0.15173445227719323,0.5667053868603664
79,A,R3,20,41.0,5.185256308030221,0.12742179113414392,0.660714646258829
80,A,R3,12,0.0,0.5,0.17265302542975597,0.08632651271487798
81,C,R2,19,52.0,7.578959230717762,0.19803248155229386,1.5008801040427024
82,A,R3,15,9.0,4.493491586019219,0.124479098033927,0.5593457796507124
83,B,R2,8,0.0,8.308134521203652,0.057698413524585296,0.47936618122229074
84,B,R1,17,0.0,6.244974327121043,0.09758128829141577,0.6093926401872887
85,A,R1,20,17.0,3.4863445075181727,0.05407980148234315,0.18854081886564017
86,A,R3,18,15.0,5.463122236787996,0.19549988396223117,1.068039763363538
87,C,R3,14,0.0,4.053823566552262,0.10451677830169655,0.4236925789795356
88,A,R1,8,25.0,3.878629614288969,0.14787530962591341,0.5735535551372184
89,C,R2,6,22.0,4.513254545161108,0.06721814569496348,0.3033726015750955
90,B,R1,15,122.0,5.775011957131311,0.022872974133916694,0.13209169911852411
91,C,R3,3,256.0,1.7383411509881252,0.029737401810327954,0.05169374929036186
92,B,R1,4,10.0,3.949839326975935,0.18127678148680465,0.7160141605842041
93,C,R2,3,456.0,6.188386912219139,0.026883115886882834,0.16636312251405613
94,A,R1,17,52.0,10.049110250560595,0.09967077622032786,1.001602618997028
95,B,R1,10,6.0,7.071040071448059,0.1630573357782234,1.152984955231379
96,C,R3,14,23.0,5.410167948602432,0.15551764792003792,0.8413765942190268
97,A,R3,20,43.0,3.8985675173798016,0.11842660614907986,0.4616941199263338
98,A,R2,3,0.0,2.892732981180375,0.09122233404058304,0.26388185429944777
99,A,R2,20,11.0,2.5042062892386916,0.11105685260072576,0.2781092687457918
100,C,R1,8,8.0,3.7692234098828488,0.14577958322553086,0.549475817776636
101,B,R2,4,30.0,4.102493696533455,0.08430899662334207,0.34587712720832114
102,C,R2,9,22.0,1.372606390500779,0.061109112038947616,0.0838787577024876
103,A,R3,10,16.0,0.5,0.08821739196368109,0.04410869598184054
104,C,R1,19,22.0,8.858088435141397,0.07678963804354388,0.6802094046922099
105,A,R2,2,10.0,2.3976255097397345,0.17123480211855643,0.41055692971468644
106,A,R3,8,16.0,6.393385738399683,0.10647851863894313,0.6807582425121438
107,B,R1,12,16.0,4.76430589191202,0.10077567574918865,0.4801261457332748
108,A,R2,10,23.0,1.6295794855119836,0.1559915903354396,0.25420069552302177
109,B,R3,15,0.0,3.9491520141564767,0.1268013539403002,0.5007578223111049
110,B,R3,20,0.0,4.250088797588867,0.16129503540730744,0.685518223091297
111,B,R3,19,43.0,0.5,0.1825049616561301,0.09125248082806504
112,C,R1,1,27.0,4.960021816196627,0.15125790907175074,0.7502425288681693
113,A,R3,19,17.0,0.5,0.1275158999796233,0.06375794998981164
114,A,R3,18,20.0,3.551578741700468,0.19160870076730743,0.6805133883700152
115,B,R1,17,17.0,0.9942230968097823,0.16293199181341528,0.16199074947011982
116,C,R1,15,20.0,2.6025119627813975,0.07411975167702822,0.1928975404178525
117,C,R3,13,15.0,4.82607877642345,0.17534641106350046,0.8462355929555816
118,A,R2,8,13.0,8.931817299784022,0.06069515013808069,0.5421179920162977
119,B,R1,7,46.0,1.398182299216887,0.07264895756207854,0.10157648651985703
120,A,R3,7,39.0,0.5,0.1852028417657694,0.0926014208828847
121,A,R3,19,47.0,0.9182759996038992,0.18626751797524582,0.17104499126245612
122,B,R3,10,35.0,4.192914216238584,0.08763196542962753,0.3674333136468135
123,C,R3,4,10.0,8.754544773493564,0.16649285503226585,1.4575691538467446
124,B,R1,2,8.0,5.283543065848342,0.10949300022958171,0.5785109821219373
125,A,R1,10,10.0,2.8738249846103705,0.15113914282530894,0.43434744480396803
126,C,R1,20,22.0,4.194534517339588,0.10582508097482414,0.4438869549491568
127,A,R3,9,16.0,3.515425365353134,0.1910968043631159,0.6717865532960231
128,A,R3,14,47.0,8.932181972845667,0.0767341775781121,0.6854036376643511
129,B,R3,11,0.0,7.331755834609546,0.09557727507491923,0.7007492441866205
130,A,R2,5,125.0,3.6008333329008955,0.026975369435707792,0.09713380943141263
131,A,R3,2,23.0,3.0695210233130616,0.09206714148149672,0.2826020263337922
132,A,R3,10,36.0,3.677371086514256,0.18040272848077626,0.6634077776434886
133,B,R2,6,0.0,1.1581059705007153,0.02996642792599935,0.034704299095679216
134,C,R1,6,11.0,3.2114007006854717,0.12088501277377911,0.38821021472408646
135,A,R2,5,338.0,5.556395632578138,0.027761582848172726,0.15425433769104308
136,B,R2,3,13.0,3.295329778121763,0.12204466599527675,0.40217742211516
137,C,R3,2,4.0,7.245496164190065,0.17450923231939497,1.2644059733859292
138,C,R1,13,0.0,3.771980232846948,0.07552077527268412,0.2848628714978411
139,B,R2,20,0.0,4.042403682863007,0.17384596624467868,0.7027555741983672
140,B,R2,11,30.0,7.514534384228229,0.05661028038097227,0.4253998984236168
141,B,R3,15,25.0,8.080523002196289,0.16022623713311396,1.2947117947094844
142,B,R2,15,3.0,2.835764335609961,0.18926926876245756,0.5367230421835536
143,B,R3,18,13.0,5.09769867902941,0.1204647436808099,0.614092964731281
144,B,R2,7,5.0,0.5,0.11670146441400539,0.058350732207002695
145,C,R1,6,0.0,7.028341139825283,0.14509874523101346,1.0198034804441596
146,A,R1,12,10.0,2.0982744187871156,0.11514783761635726,0.2416117620490552
147,C,R3,10,22.0,8.766024639077614,0.14521314175391986,1.2729419785327316
148,C,R2,2,55.0,7.092303949363527,0.09755518812082763,0.6918910459902475
149,C,R1,11,35.0,2.842516948722899,0.11735850288029988,0.33359353351399756
150,A,R1,14,0.0,2.6473227310328715,0.10209619509288033,0.27028157802134883
151,A,R1,7,40.0,6.166548114766423,0.17394253342053265,1.072625001542081
152,B,R1,9,0.0,0.5,0.1088421570712103,0.05442107853560515
153,B,R1,4,9.0,0.5,0.12115226444541893,0.06057613222270947
154,B,R1,10,356.0,3.7147544576116456,0.028870280820811375,0.10724600437160905
155,B,R3,10,4.0,5.6799727774821,0.10284798437986784,0.5841737514965536
156,A,R2,20,3.0,10.047199888825247,0.05028942048355506,0.5052678598914605
157,A,R2,20,35.0,6.160080144525649,0.18403638220801227,1.1336788639099098
158,A,R3,7,30.0,0.5,0.11530597370341526,0.05765298685170763
159,A,R3,1,39.0,2.9250006497917687,0.18701703324165223,0.5470249437539616
160,A,R3,20,10.0,7.5504745040560115,0.10380133717105292,0.7837493497969565
161,C,R3,6,43.0,5.968177340842729,0.11979900495660413,0.7149817068375105
162,B,R1,18,6.0,7.3436621499303145,0.06312339720133181,0.46355690280243755
163,C,R1,8,45.0,0.5,0.1989277909874635,0.09946389549373175
164,A,R1,19,13.0,0.5,0.08140580652444283,0.04070290326222142
165,A,R3,3,15.0,6.1430912294325015,0.07995956564952846,0.49119890645085057
166,A,R3,14,25.0,0.5,0.08434961742764052,0.04217480871382026
167,B,R1,9,391.0,0.5,0.02178385715113748,0.01089192857556874
168,C,R1,20,25.0,0.5,0.06522821824319969,0.032614109121599844
169,B,R1,1,0.0,8.201269742693082,0.05020729959078149,0.411763606996203
170,B,R1,15,21.0,2.171956155307243,0.15492833734611697,0.33649755593041575
171,B,R2,9,26.0,9.898299155483402,0.11852318490175315,1.1731779410182264
172,A,R1,3,38.0,7.0051604692592955,0.08244751672787085,0.5775580849706753
173,A,R1,7,45.0,5.766392078266385,0.12121726251076169,0.6989862622911931
174,B,R3,8,4.0,0.9061448447644,0.06567413047971929,0.059510274768582186
175,C,R2,9,29.0,1.332283332943942,0.11105736009501586,0.1479598698553433
176,B,R2,2,18.0,6.787453228174656,0.05774622972062329,0.3919498333321598
177,C,R1,11,4.0,7.581464898248173,0.09879134929035531,0.7489831468954034
178,A,R3,15,28.0,1.1469370843155096,0.1791719804394852,0.20549898883629866
179,B,R3,14,1.0,4.736000697723176,0.17340569171524453,0.821249476952568
180,A,R1,1,33.0,3.9020706916411974,0.05856197522209747,0.22851296715876454
181,A,R2,19,0.0,6.8577270932093795,0.17192267449110615,1.1789987827946757
182,C,R1,13,36.0,5.846271568740658,0.14046599588387484,0.8212023581107398
183,B,R1,18,38.0,3.5866902605678606,0.0645269615145945,0.23143822440843326
184,A,R3,5,32.0,7.6515297930360315,0.09604151395543636,0.7348645053983072
185,B,R1,13,13.0,6.286902737350632,0.18605593447194174,1.1697155637319803
186,A,R2,6,32.0,8.536270038808397,0.1418089175403122,1.2105192140352175
187,A,R2,1,1.0,0.5,0.11765011080562371,0.058825055402811854
188,C,R2,15,7.0,0.5,0.18651685226913195,0.09325842613456597
189,C,R3,17,2.0,0.5,0.11232939202446879,0.056164696012234394
190,C,R1,20,0.0,4.9390371881004995,0.059412484174949404,0.2934404687775075
191,C,R3,4,17.0,3.5869062341842057,0.08305791281815521,0.2979209452857692
192,C,R1,12,55.0,0.5,0.05265065897119231,0.026325329485596155
193,A,R1,15,2.0,0.9725261513785637,0.0896596417281658,0.08719634630387396
194,B,R1,2,14.0,3.7180427657761674,0.16143061347221027,0.6002059245951601
195,A,R3,10,22.0,7.318595852800975,0.0788272977909813,0.5769051347005831
196,A,R3,18,9.0,3.637251449624737,0.14297171165658146,0.5200240654782308
197,C,R1,20,8.0,5.335034085232432,0.06626900129856939,0.35354738072217995
198,B,R1,11,19.0,3.564678039410443,0.11890544404962285,0.4238596251700377
199,B,R1,20,36.0,4.547793036664351,0.10740453323518283,0.48845358835314934
200,C,R3,4,19.0,4.410646451055662,0.16107614772364087,0.7104499393069942
201,B,R3,15,33.0,4.5117513119732395,0.1861727277143161,0.8399650485187024
202,C,R2,15,21.0,2.2302453548689267,0.17151209800286016,0.382514059874703
203,C,R3,10,157.0,6.78329280575221,0.022973039035468715,0.15583285041555964
204,A,R3,15,7.0,3.528496177579424,0.1422472953510271,0.5019190379171105
205,C,R2,16,33.0,5.865148420591515,0.05435672326178842,0.3188102495874084
206,B,R1,5,20.0,5.654151389679754,0.1360311057577401,0.7691404656597998
207,B,R1,5,115.0,0.5,0.027897565189587404,0.013948782594793702
208,B,R2,9,254.0,4.32396135123809,0.027294766760554607,0.1180215165636962
209,A,R3,4,37.0,5.446272764067689,0.07548618849601432,0.4111183724691225
210,B,R2,18,22.0,5.04792153044612,0.08119551901747601,0.40986860862406455
211,B,R3,12,19.0,6.471789853930023,0.1885195341558769,1.2200588084176187
212,B,R2,19,42.0,2.5909087879633113,0.1021339187949896,0.2646196677550698
213,C,R2,9,4.0,0.5,0.1727787832153985,0.08638939160769925
214,C,R2,14,24.0,1.9995232576546642,0.056913524999086224,0.11379991691078306
215,C,R3,5,3.0,13.539182855093111,0.1917261116790944,2.595814884119262
216,A,R2,14,27.0,1.3515272299457015,0.14923878256521783,0.2017002784008377
217,B,R3,2,241.0,8.74701290402375,0.02068901938389328,0.18096711952251202
218,B,R2,3,7.0,2.0250993272780016,0.1981806926565336,0.40133558737823455
219,A,R3,3,39.0,6.341966900759079,0.06948678389801516,0.44068288352141105
220,A,R3,7,40.0,0.5,0.1314836381318239,0.06574181906591195
221,A,R2,6,27.0,0.5,0.0658246837264446,0.0329123418632223
222,B,R3,14,34.0,6.481807173212682,0.12238417522508818,0.7932706248616944
223,A,R3,20,17.0,8.92750197679809,0.164905293915063,1.4721923374111952
224,C,R1,9,16.0,2.2754009207968124,0.08823432799561137,0.20076847116710209
225,B,R3,4,43.0,2.79313339754103,0.08275979657068303,0.23115915177527635
226,B,R2,5,7.0,7.376254830773049,0.19360999326251566,1.4281166480885685
227,B,R2,16,213.0,6.934412741194892,0.027035591747890282,0.18747595188231386
228,A,R3,8,41.0,9.386036132102596,0.07460100636723574,0.7002077412540905
229,A,R1,15,0.0,4.076806710620397,0.19899823690177862,0.8112773476027986
230,C,R2,15,9.0,4.273263660927921,0.1816326970539008,0.7761644039567642
231,B,R3,1,7.0,0.5,0.15228151001619297,0.07614075500809649
232,B,R1,7,41.0,2.134512204941843,0.1599910789030344,0.3415029106003403
233,C,R3,15,23.0,1.9407785700381588,0.08035267045590844,0.1559467408661654
234,B,R3,11,470.0,7.160430250440314,0.02571693350665559,0.18414430862961878
235,A,R2,11,26.0,1.429230214179567,0.1563770202371231,0.22349876212626593
236,B,R3,1,20.0,2.073659524754178,0.07620870659291729,0.15803091029559946
237,A,R3,1,0.0,1.3071576204196202,0.1162529635790109,0.15196094723866865
238,B,R1,18,41.0,2.3053123076256483,0.10996301041210459,0.25349908128659204
239,B,R1,8,27.0,3.5712697624638623,0.10521874359524885,0.3757645174461504
240,C,R3,8,20.0,2.3957348834335876,0.14601736808893676,0.34981890231782814
241,A,R2,14,37.0,4.268045645551149,0.18246254932632772,0.7787584891283948
242,B,R3,14,37.0,8.138928745946496,0.19205552287541885,1.5631262159485313
243,A,R1,16,13.0,2.1218827900904054,0.08377512156544652,0.17776098868745255
244,C,R1,13,44.0,0.5,0.060427501778980514,0.030213750889490257
245,C,R1,6,11.0,5.239624000921983,0.1268068618407208,0.6644202767822387
246,A,R3,14,0.0,3.4636163163699196,0.08426393885069747,0.2918579534848729
247,A,R3,2,26.0,3.589822338046406,0.10653958139215311,0.38245816916766445
248,A,R1,13,0.0,4.023305274105637,0.15242180033880293,0.6132394331917822
249,A,R3,19,23.0,3.5506971103393656,0.08457334757147714,0.30029434083377066
250,B,R3,13,30.0,4.2599757297637755,0.19638671208030037,0.8366026271101861
251,B,R1,12,20.0,5.251363612195471,0.12514522777230078,0.6571830953633744
252,B,R2,19,47.0,4.449213317623054,0.06800471033490224,0.30256746288314523
253,A,R2,11,9.0,1.5308626465919506,0.06257173022253931,0.09578872453031408
254,A,R2,9,17.0,2.4855956724605104,0.12385990043664966,0.30786563251672605
255,A,R1,1,26.0,2.42470796834877,0.12852092186938507,0.31162570335622763
256,A,R3,7,26.0,3.112388171389453,0.07564934353155686,0.2354501219809948
257,A,R1,10,24.0,5.300146472892446,0.1389204800272365,0.736298892228883
258,A,R1,5,17.0,5.663404953686351,0.09549239092205256,0.5408120797873059
259,B,R2,4,29.0,4.360763941876462,0.18653164888942728,0.813420488495775
260,C,R2,7,41.0,2.825985640821126,0.08794302865946167,0.24852573620195945
261,C,R2,3,15.0,4.963066080098491,0.06906051852399664,0.3427519169604612
262,B,R3,6,37.0,4.529096092624373,0.14919312929848796,0.6757100189521847
263,B,R1,13,47.0,6.452225261331255,0.10687328606441066,0.689570516106272
264,B,R1,11,36.0,5.854215851378687,0.13971750625205206,0.817936439815864
265,B,R3,16,32.0,0.5,0.06610054069922933,0.03305027034961466
266,C,R1,11,148.0,0.5,0.024158619843213987,0.012079309921606994
267,C,R3,2,42.0,2.651968990919885,0.029490879421618908,0.07820889774109069
268,C,R2,17,15.0,6.783575547077519,0.07569384739726175,0.5134749322682821
269,A,R3,17,0.0,6.9963485929469975,0.1597010682064156,1.1173243438380884
270,A,R2,8,3.0,9.220249303792016,0.15918251609003964,1.4677024831550494
271,A,R1,3,2.0,5.137195580834725,0.10503361392665513,0.5395782173031134
272,A,R1,6,0.0,5.8671503209084435,0.11719862040222552,0.6876219233029444
273,C,R3,5,15.0,4.623546553819045,0.0830344843717172,0.3839138040649944
274,B,R1,3,0.0,4.273337207045387,0.028241731014186536,0.12068643993429097
275,B,R2,3,41.0,6.557208555979884,0.1445091279558187,0.9475764902490861
276,B,R3,12,43.0,0.5,0.15027318806868983,0.07513659403434492
277,A,R2,1,35.0,3.228682600225836,0.07011329899081384,0.2263735884960723
278,A,R1,16,20.0,10.329240864528895,0.1375294089100006,1.4205743905876824
279,C,R1,16,32.0,6.472951973569676,0.09151983614995576,0.5924035040276295
280,B,R3,2,6.0,4.445372332044242,0.0790896531789467,0.3515829559926646
281,B,R1,3,15.0,0.770191413872908,0.19377273543767598,0.1492420970767646
282,A,R1,1,36.0,0.8629047050965575,0.10013061576976302,0.08640317947194406
283,C,R1,6,25.0,0.5,0.16284799665579708,0.08142399832789854
284,C,R3,19,21.0,0.5,0.16270400712322888,0.08135200356161444
285,B,R1,12,37.0,3.7668372707689137,0.08468310443600037,0.3189874739939425
286,B,R1,11,14.0,1.9728382396411748,0.08495827732217297,0.16760893827522247
287,A,R3,8,24.0,0.5,0.15227569801936447,0.07613784900968223
288,C,R2,11,1.0,4.309460803623002,0.19238861435381904,0.829091192621125
289,B,R2,3,27.0,2.469304716895158,0.12356827631540516,0.30512772756423423
290,C,R3,9,54.0,0.5,0.10064618694060748,0.05032309347030374
291,A,R1,6,239.0,4.489159815548188,0.02578591368534757,0.1157570875234564
292,A,R3,17,20.0,0.5,0.05725379601951053,0.028626898009755264
293,B,R2,5,40.0,5.370206652580135,0.1744956430455782,0.9370776631296127
294,C,R1,8,0.0,7.9556698616137815,0.1422303307681932,1.131537555899874
295,C,R2,2,0.0,2.447375669327052,0.12308563419262554,0.30123678636672163
296,C,R2,5,58.0,0.5,0.02520283527892644,0.01260141763946322
297,B,R2,19,16.0,3.2808279613491145,0.08259911705497266,0.2709934928167028
298,C,R2,11,30.0,4.164912864602133,0.1733043672140668,0.721797588501599
299,A,R1,11,40.0,4.853301232297136,0.1900073800454397,0.9221630517200828
300,C,R2,2,28.0,4.937712506956032,0.15254268237227256,0.7532119105941917
301,B,R1,1,0.0,5.726564776314889,0.1036257241302502,0.5934194217244146
302,C,R1,1,20.0,0.5766512066968899,0.05335044988160281,0.030764601302048205
303,B,R3,7,27.0,3.9646507141742546,0.16997085486433564,0.6738750711266969
304,C,R2,18,3.0,7.2512963397397705,0.06581566827383245,0.4772489144515682
305,C,R2,4,31.0,1.7566126036879872,0.05865656741799699,0.10303686561552765
306,B,R2,1,30.0,3.2891126877146215,0.13161214353365547,0.4328871711538641
307,B,R1,15,-0.0,4.089988420345147,0.19705817725791536,0.8059656631191953
308,B,R2,1,35.0,8.725745616810293,0.09371221088137274,0.81770891333974
309,C,R3,7,16.0,3.2249535020713305,0.16224055507005816,0.5232182462511806
310,B,R1,7,31.0,2.569952256475704,0.11719276761690377,0.30117981757969464
311,C,R1,5,24.0,1.592964126709644,0.12710400136395525,0.20247211453403435
312,B,R3,16,20.0,3.1515863228223244,0.11595715858164297,0.3654489950192453
313,B,R2,7,2.0,1.6249114248992385,0.1369331534347415,0.22250424546359185
314,C,R3,15,39.0,2.355450458173568,0.17877010862669132,0.42108413427247854
315,A,R1,12,12.0,4.701683977698454,0.1835637671269476,0.8630588227867397
316,A,R3,13,30.0,9.042531596001758,0.08810842012264054,0.7967231728327743
317,B,R2,5,22.0,8.554577763937651,0.11784451069079237,1.0081100307575652
318,C,R2,20,24.0,4.3176093150466235,0.10090385447454846,0.43566342200341934
319,A,R3,13,45.0,7.891911882331312,0.15146783426278293,1.1953708010094464
320,B,R2,17,15.0,10.032609885995475,0.11856663456837621,1.189532790119904
321,C,R1,16,267.0,3.119793990524565,0.020173336689474367,0.06293665457265085
322,C,R2,14,29.0,6.305060105573014,0.05855183387893462,0.3691728318982091
323,A,R2,8,32.0,0.5,0.1467589838585862,0.0733794919292931
324,B,R3,13,19.0,7.239823167900187,0.18371605353316092,1.3300717406845695
325,A,R3,8,131.0,4.086792067164457,0.021322482454492517,0.08714055214727334
326,C,R3,5,32.0,4.5658491127440355,0.13948980098552832,0.6368893840666165
327,C,R1,6,582.0,5.826042509107777,0.02993571350972501,0.1744067394481299
328,B,R1,18,50.0,10.22829741147695,0.07480263512604748,0.7651035992314063
329,C,R1,20,39.0,7.814084179448533,0.05416568668635166,0.42325523540478655
330,C,R1,4,14.0,2.755481527362617,0.12637353760412012,0.34821994841561804
331,C,R1,16,37.0,9.16404595887224,0.1564095065140619,1.4333439060993904
332,A,R2,19,16.0,8.889610735839083,0.058391658216288,0.5190791117629602
333,C,R1,8,24.0,5.706419307785135,0.08197275765892298,0.46777092701726986
334,C,R1,5,7.0,0.9541395747783108,0.16948114329490008,0.16170866599633793
335,B,R1,15,6.0,5.561420331854074,0.08549111815062384,0.47545204267581825
336,A,R3,6,25.0,0.5,0.11279269829907725,0.05639634914953862
337,A,R2,20,13.0,5.312203874578081,0.14265283742002324,0.7578009556622046
338,A,R2,13,0.0,0.5,0.05291108328953947,0.026455541644769737
339,C,R1,6,150.0,6.535163248426841,0.02937680265386837,0.19198220105984865
340,A,R3,16,401.0,2.7524640722353184,0.02288526693874569,0.06299087503241226
341,B,R3,19,16.0,2.2130749268721113,0.07135749875832167,0.1579194913463495
342,B,R3,10,-0.0,4.624623872974835,0.16691014755383038,0.7718966530191963
343,C,R3,17,21.0,6.035474169598603,0.18605944867085442,1.122956996462699
344,B,R3,12,20.0,10.93445320522433,0.0952015401314172,1.0409767856322674
345,A,R3,12,32.0,9.356698398291067,0.16816519514922007,1.5734710121010123
346,C,R2,7,157.0,2.8786541564248203,0.02104431568945641,0.06057930682856975
347,A,R3,4,0.0,1.1853445624475114,0.09338319052805803,0.11069125711643354
348,A,R3,11,34.0,0.5,0.1257491183172378,0.0628745591586189
349,C,R2,8,13.0,1.6791287413703362,0.1157715210253544,0.19439528838583275
350,B,R1,2,22.0,0.5,0.09153180551847288,0.04576590275923644
351,B,R3,4,38.0,3.8468582856664972,0.0607604473694513,0.23373683040397686
352,C,R1,8,14.0,0.5,0.13025580003953205,0.06512790001976602
353,A,R1,13,0.0,1.7828417685397295,0.09945126455194339,0.17730586837729928
354,C,R1,14,35.0,2.526110246682589,0.1764808347035891,0.4458100448878327
355,A,R2,4,34.0,0.9573524296451765,0.17460404547980277,0.1671576071659661
356,A,R3,7,34.0,6.853535561575024,0.1782158200878812,1.2214084606075504
357,B,R1,18,15.0,2.6801924819548506,0.09532681539752609,0.25549421395714733
358,B,R3,10,190.0,5.915639659868294,0.02717346103618972,0.16074840380156968
359,C,R3,19,30.0,5.53448810056069,0.16719179417003022,0.9253209953454243
360,B,R1,19,36.0,7.973886834496005,0.1317705814004216,1.050723704202706
361,C,R2,4,0.0,9.010435656459778,0.0779659578425865,0.7025072465348813
362,B,R2,10,34.0,1.550608109249879,0.17016836069708147,0.2638644400346529
363,B,R2,12,24.0,0.5,0.13473040884582121,0.06736520442291061
364,A,R2,16,27.0,5.0545819086761,0.11486319478576627,0.5805854263368732
365,A,R1,2,0.0,9.182331636907316,0.18049498787417492,1.6573648374602388
366,A,R1,3,14.0,6.613758571217206,0.19266304121570846,1.2742268401971657
367,A,R3,7,19.0,6.948373448300407,0.07070969999651877,0.49131740199309837
368,B,R3,5,7.0,6.733598283958179,0.19672065128394076,1.324637839904679
369,C,R1,5,20.0,1.6364728666391546,0.15292778706200774,0.250262174082146
370,A,R2,13,37.0,5.976501381034111,0.14108983535654798,0.8432235958582843
371,C,R1,11,0.0,5.625803099367205,0.0939102994807226,0.5283208538811516
372,A,R1,12,49.0,9.36348690809594,0.12085880368332722,1.1316598260169717
373,C,R3,15,26.0,4.905359005600177,0.05664939341185382,0.2778856121346245
374,B,R2,3,8.0,0.5,0.1325313435648702,0.0662656717824351
375,B,R1,6,34.0,3.366228867043006,0.14885517492780823,0.5010805868507243
376,B,R2,10,37.0,3.0336366661754006,0.09885174927578694,0.29988029111860487
377,C,R2,12,6.0,6.181874387538027,0.07159217511055127,0.44257383366405434
378,B,R3,16,30.0,4.592285894644561,0.17999464981645882,0.826586891463611
379,A,R3,19,42.0,1.5937401113575342,0.18947530463409223,0.3019743931070409
380,B,R1,9,53.0,3.6404500339910513,0.08583017208368462,0.31246045287950747
381,A,R1,15,10.0,0.5,0.06486446999852297,0.03243223499926148
382,A,R1,10,27.0,7.8673434366647435,0.13382185628450044,1.0528225027221572
383,A,R2,9,35.0,6.8742189134633,0.16753696146243494,1.1516857491892423
384,A,R2,14,32.0,0.5,0.05452042039701138,0.02726021019850569
385,B,R2,11,18.0,7.0982225631712605,0.18673518812838913,1.3254879257109617
386,C,R1,18,19.0,1.8771849451789384,0.17551125785959026,0.32946709096344146
387,A,R3,4,20.0,4.697419539377727,0.1065429050650798,0.5004767240347721
388,C,R3,6,0.0,5.031232446251709,0.02949346587633956,0.14838848246945718
389,B,R3,4,11.0,3.181267766611106,0.15147792221757478,0.481891831303995
390,A,R3,10,0.0,8.301131548557187,0.054265495661183966,0.45046501803114736
391,C,R1,6,46.0,4.739863330921626,0.15878636083440759,0.7526256491694984
392,C,R2,11,39.0,4.500249875195838,0.08868231190359356,0.39909256307622526
393,A,R3,14,29.0,2.165183222217981,0.10772585779829125,0.2332462199039003
394,A,R3,6,26.0,5.486922175865221,0.09215548196283721,0.5056499576094389
395,A,R1,16,2.0,3.097218287605094,0.05545019134528195,0.17174134668580898
396,B,R2,13,116.0,4.940064776829489,0.024164589251703374,0.1193746362088923
397,A,R2,19,11.0,4.683797751413234,0.1852388972287325,0.8676215303142044
398,B,R3,3,21.0,2.873240265408576,0.13742972853468033,0.39486862969001346
399,B,R1,10,16.0,1.569399241291789,0.1337248003984899,0.209867600287286
400,B,R3,11,41.0,1.312801810990457,0.16373928281838646,0.21495722701425635
401,A,R3,19,33.0,2.5618515963862603,0.08146908768436557,0.20871171234032415
402,C,R3,2,30.0,5.532911032153554,0.07186019666266316,0.397596074887573
403,C,R2,3,30.0,4.368828661861268,0.10441812641867552,0.4561849035157629
404,B,R1,13,0.0,4.982989645743538,0.09285590738202643,0.4627000250307586
405,A,R3,12,13.0,7.264500293515985,0.18785142566594717,1.3646467368876694
406,B,R3,14,20.0,2.990498070523438,0.13298055577424794,0.39767809546002286
407,A,R3,12,21.0,5.6650639407383405,0.19702865080641507,1.1161799049757481
408,C,R2,14,60.0,6.153531376310362,0.16270532129453003,1.0012122996785489
409,A,R2,7,58.0,5.550491958238043,0.029415732783469307,0.16327178826032554
410,A,R1,17,-0.0,1.7843526994994274,0.13653444945054735,0.2436256134517523
411,B,R2,4,18.0,6.938576945203931,0.07678901914065027,0.5328065178541393
412,B,R2,16,35.0,1.190169162063761,0.05761029703443912,0.06856599894772279
413,B,R1,3,34.0,5.438822101299564,0.07365998925925032,0.4006235775646992
414,B,R2,16,7.0,3.194534143046033,0.1870775803016237,0.5976257176719728
415,B,R3,7,382.0,4.733799562098052,0.020449356151055753,0.09680315319305483
416,C,R3,7,35.0,2.4937453482428578,0.07852445338476031,0.19581999035155917
417,B,R2,3,26.0,4.333391336784183,0.19223036782052963,0.8330094105803202
418,A,R3,1,32.0,2.0988370989251885,0.13773097187727615,0.289074873447049
419,B,R1,7,23.0,0.5,0.12360647246559417,0.061803236232797085
420,A,R2,8,2.0,4.515922265049741,0.07959499751708628,0.35944482147398876
421,B,R3,14,21.0,9.603526984013872,0.10298113787953514,0.9889821364705688
422,B,R2,9,22.0,8.781091619977397,0.09386195193968926,0.8242103996123266
423,A,R1,13,8.0,1.28542227419271,0.13457147151597476,0.17298116695752377
424,C,R3,13,15.0,1.7482065536429943,0.06034677557759088,0.10549862855596737
425,B,R1,8,15.0,0.5,0.06709055959847388,0.03354527979923694
426,C,R2,2,8.0,1.3446875551059407,0.13605550739434913,0.18295214759680556
427,A,R1,3,26.0,7.771789400844083,0.19146541856984792,1.4880289106693199
428,A,R2,14,14.0,4.907651094063487,0.10678157641914414,0.5240467203392366
429,A,R1,6,19.0,4.334585680168023,0.07699610633897076,0.333746219965597
430,B,R2,18,20.0,5.569066934282557,0.09836673627646307,0.5478109384305431
431,C,R2,6,18.0,8.403507286053511,0.11865864518702543,0.9971487893824066
432,C,R2,16,32.0,6.000461536305238,0.15679228398227113,0.9408260692250658
433,C,R2,14,8.0,0.5,0.07000625497338736,0.03500312748669368
434,B,R1,3,32.0,1.354937746043313,0.053660511550295026,0.07270665257148791
435,B,R2,8,247.0,1.556607579321895,0.025575569240626032,0.0398111249254304
436,A,R2,10,46.0,5.237117311048535,0.12321354613950196,0.6452837954428631
437,B,R2,10,20.0,5.566550477421279,0.08086877374477588,0.4501601110974556
438,B,R2,15,1.0,3.9228879043455525,0.10684175574678244,0.41912823129809473
439,C,R3,17,0.0,0.5,0.17964690874631556,0.08982345437315778
440,B,R1,4,34.0,4.157594343452846,0.19168725780827078,0.7969578587756541
441,B,R1,15,33.0,5.773900420234474,0.09026173373054236,0.5211622623178708
442,B,R3,13,33.0,1.1489562071557766,0.19539775601071835,0.2245034646328248
443,B,R1,11,33.0,12.776747316104453,0.12154758707044325,1.5529828068812581
444,B,R3,16,22.0,5.572012284042475,0.15375603417431982,0.8567305111649646
445,B,R1,11,28.0,5.258601238501871,0.19476087011336948,1.0241697527898668
446,C,R3,6,2.0,4.551797171214613,0.057037489498932586,0.2596230833544245
447,C,R1,10,19.0,0.9047611409897716,0.14235393989301218,0.12879631308199105
448,B,R2,10,20.0,7.990809986586051,0.1306777505654691,1.0442210742431515
449,B,R2,12,29.0,2.4558028985705294,0.11690312846719125,0.28709104174169126
450,C,R3,16,67.0,0.5,0.15119560217294878,0.07559780108647439
451,C,R1,11,13.0,4.3668504106213195,0.1860400931481567,0.8124092571560566
452,C,R3,17,28.0,0.5,0.17937579477467241,0.08968789738733621
453,A,R1,19,42.0,5.259389776869742,0.14797799972907583,0.7782739789767349
454,C,R2,2,33.0,1.3357355528647714,0.11340286075881316,0.15147623291211998
455,C,R3,17,41.0,6.264339428948127,0.10890476851665813,0.6822164354193702
456,A,R1,12,21.0,2.31780191393696,0.1858662824923749,0.4308012252971743
457,B,R1,14,0.0,3.054906222843674,0.09221141886070362,0.28169723729480806
458,B,R3,4,-0.0,2.494762279640539,0.0933960619841275,0.233000972504971
459,B,R2,15,23.0,6.884032665034542,0.07095704633104824,0.48847062475730546
460,A,R2,16,27.0,2.4762248460701874,0.060430829241535644,0.14964032083651538
461,C,R2,11,39.0,2.8422578419370543,0.1870331823717414,0.5315965292985253
462,C,R1,4,28.0,2.7302837507449436,0.1810251474036105,0.49425001843228594
463,A,R2,17,52.0,6.082089557563018,0.10726753576859975,0.652410759163718
464,C,R2,18,34.0,6.20305763029986,0.060983066441118394,0.37828147560666275
465,A,R3,2,15.0,7.16487955657376,0.05358643239432315,0.3839403339718078
466,C,R1,17,15.0,0.5,0.15587657173906236,0.07793828586953118
467,A,R1,12,42.0,2.645681931084881,0.11052491730819751,0.2924137766569488
468,A,R1,4,44.0,6.00704587120819,0.10294388990970259,0.6183886688481893
469,C,R3,3,24.0,2.172071489981644,0.12307510145980677,0.2673279190074445
470,C,R3,6,20.0,7.87785427863963,0.06801325106359937,0.5357984808955677
471,C,R3,1,31.0,3.4593028127716514,0.15702626952572785,0.5432014158493897
472,A,R1,11,24.0,10.892815461971527,0.10772466560627281,1.1734249031517208
473,C,R2,19,13.0,6.679961892666636,0.10924030748555694,0.7297210911467062
474,B,R3,12,23.0,1.5549339010400627,0.09491517770321689,0.1475868275339738
475,C,R3,10,19.0,6.441588649556829,0.06342006846810197,0.4085259931982426
476,B,R3,1,0.0,4.354788967839734,0.17616718744872886,0.7671709243970789
477,A,R3,13,2.0,2.3007461899235344,0.07540697198451597,0.17349230348704583
478,C,R3,17,10.0,8.004580975726407,0.197537092269317,1.5812016507792868
479,A,R1,20,-0.0,1.9800115538991871,0.19271985622294038,0.3815875419872121
480,A,R2,2,13.0,2.7543614408792294,0.11161842802680919,0.30743749424859673
481,B,R1,1,20.0,0.5,0.09609504533452999,0.048047522667264995
482,B,R2,11,10.0,5.917970731271366,0.19781517970481957,1.1706644436943077
483,A,R1,7,23.0,5.352011642653741,0.15181738450679225,0.8125284094375917
484,C,R2,2,248.0,1.7705351551590365,0.02139468326793134,0.03788003885936526
485,B,R3,10,15.0,3.240643695040405,0.1842125459496192,0.5969672255789744
486,A,R3,12,28.0,3.031617862451193,0.06578109722091874,0.19942314934657576
487,C,R2,20,23.0,6.272579964652237,0.05543633641959675,0.3477288531392837
488,C,R2,17,25.0,5.841777105443883,0.11332346489158068,0.6620104227132098
489,A,R2,8,0.0,0.5,0.18027908502071732,0.09013954251035866
490,C,R2,8,20.0,4.330656938390692,0.13970623360027162,0.6050197698774471
491,A,R2,9,9.0,3.517263954427408,0.16294513141315675,0.5731210372689334
492,C,R1,6,23.0,6.764580917242625,0.17575272378359516,1.1888935214599219
493,C,R1,8,31.0,2.8135472551681837,0.15669473465107936,0.4408680405768512
494,C,R2,1,39.0,2.7447072278674156,0.055574472687605986,0.15253565687059242
495,C,R3,10,41.0,4.816638229563599,0.17291766611788242,0.8328818411903068
496,C,R3,1,0.0,0.5,0.11444730729819987,0.05722365364909993
497,C,R3,5,30.0,2.7098624284535116,0.07262219367353306,0.19679615410778156
498,C,R1,3,25.0,1.2065221379377866,0.1398123966510442,0.16868675171762368
499,C,R1,6,29.0,11.208991598763824,0.029130751711991216,0.3265263512053844
500,A,R2,4,68.0,4.062222058071563,0.021248421973308475,0.08631580843918618
501,A,R1,17,0.0,6.52315460407592,0.18194853832544705,1.1868784454825239
502,A,R2,7,22.0,4.108706454920143,0.15789367515861702,0.6487387623152739
503,A,R3,11,34.0,0.5,0.0760747064242756,0.0380373532121378
504,B,R2,14,36.0,4.699636121906081,0.16709982337770976,0.785308365910011
505,C,R3,20,29.0,1.1250576722116805,0.09435431022882187,0.10615404062917709
506,C,R2,6,21.0,5.1478119096965615,0.1583761542206596,0.8152906529090508
507,B,R2,6,210.0,7.598758857467779,0.02791589438429195,0.21212614971677346
508,A,R2,12,16.0,4.065239709115949,0.060130366773485516,0.2444443547312796
509,A,R2,10,17.0,3.314666019286254,0.13620896704711932,0.45148723459316753
510,A,R2,13,47.0,4.817178921611877,0.08525690489665863,0.41069776519005236
511,A,R1,8,30.0,0.5,0.08068756101942104,0.04034378050971052
512,B,R2,1,47.0,1.3160019618155663,0.08653028085831327,0.1138740193659922
513,B,R1,1,34.0,5.280775130816854,0.14588645798465832,0.7703935792483415
514,A,R3,14,9.0,5.351522373102474,0.07793756821056212,0.4170846399840234
515,C,R2,4,16.0,6.896868391521097,0.10869193954407318,0.7496340022546403
516,B,R1,12,22.0,2.4723112564741054,0.09839468888991056,0.24326229691979348
517,A,R1,3,13.0,5.903442246577418,0.17799436154498666,1.0507794335972491
518,B,R1,13,17.0,0.5,0.1731489684690842,0.0865744842345421
519,A,R3,16,0.0,2.704069035956773,0.11524737485187066,0.31163685781224676
520,B,R2,2,18.0,1.7330146458145874,0.18200327307446912,0.3154143378242467
521,A,R2,14,9.0,5.7075572757935,0.16482678100306286,0.9407582931596532
522,B,R2,15,39.0,6.66692313258593,0.02833950444322885,0.18893729773858417
523,C,R3,20,39.0,2.5125958241147464,0.14375439749268562,0.3611966988382532
524,A,R2,19,53.0,7.013830286365277,0.1376452683992241,0.9654205522733554
525,C,R2,1,18.0,0.5402114532152602,0.11356218161686374,0.061347591161541266
526,A,R1,15,20.0,0.5,0.07857486252150678,0.03928743126075339
527,A,R3,20,22.0,2.842116675179752,0.021384628375089604,0.06077760889736425
528,C,R3,13,17.0,0.5,0.09326330297249547,0.04663165148624773
529,C,R3,5,0.0,4.909377077285833,0.1967361674494844,0.965852030749566
530,B,R3,5,29.0,5.626464590757175,0.07186626059592766,0.4043529705131146
531,B,R1,15,13.0,0.8618657496134796,0.11688930204865483,0.10074288593196033
532,C,R2,9,48.0,5.849557330419489,0.18279344938378256,1.0692607617955692
533,A,R3,4,18.0,3.2169793493697223,0.18150676276479547,0.5839035075852963
534,A,R2,17,18.0,4.379794671557914,0.18969219389151123,0.8308128600421715
535,C,R3,9,24.0,1.515390971632804,0.13646783151280345,0.20680211979280902
536,A,R3,9,12.0,6.080992191867957,0.08473150402824237,0.5152516144009702
537,C,R2,12,0.0,0.5,0.19754386556269266,0.09877193278134633
538,A,R2,3,0.0,8.13681102897157,0.0759242875299063,0.6177815801401503
539,B,R1,2,9.0,2.682674189102463,0.15197006847243644,0.4076861802071392
540,A,R3,8,26.0,5.892757726452594,0.15004194678179525,0.8841608411904128
541,B,R3,19,37.0,7.145288973711495,0.1404361855243622,1.0034571279373272
542,B,R3,12,3.0,6.914022662608247,0.10691502476502472,0.7392129041987029
543,A,R3,15,11.0,4.682440924870686,0.19058101036076566,0.8923843224164535
544,C,R1,7,28.0,7.781578830888713,0.15954982359825837,1.2415495297842358
545,B,R2,8,21.0,6.751555599262235,0.060425353325330056,0.40796513258103106
546,C,R3,14,28.0,4.9470923253952215,0.10696261410128885,0.5291539273246968
547,C,R3,11,19.0,3.863619079034042,0.06922198199608667,0.2674473703286314
548,A,R2,19,29.0,6.506284426824359,0.0959262475837279,0.6241234507777067
549,C,R2,4,38.0,7.01713415727775,0.16234253405808707,1.1391793409180293
550,A,R1,13,47.0,3.734011514307772,0.1295531399586503,0.4837529163203266
551,A,R1,4,486.0,5.0116726651277865,0.020895441787061216,0.1047211144299836
552,C,R1,13,24.0,1.067535379041979,0.1980613379367648,0.2114374854678857
553,C,R1,7,0.0,5.426063664128388,0.050770461038983555,0.27548375385467466
554,B,R2,5,20.0,1.941445075754972,0.13560088173200968,0.26326166410664253
555,B,R3,14,26.0,5.252253635373612,0.08584212921019088,0.4508646352124364
556,C,R3,2,7.0,6.2012644530656615,0.12484686863348769,0.7742084485334055
557,B,R3,9,4.0,3.232302638326551,0.1834389649069192,0.5929302502405265
558,A,R3,1,1.0,4.0028516051201635,0.08553009692272392,0.3423642857532086
559,C,R1,5,0.0,4.210009915533514,0.15734151867739757,0.6624093537569454
560,C,R3,14,34.0,2.113672371598793,0.059984053118059155,0.12678663581215605
561,A,R3,1,14.0,0.5,0.07426084940301306,0.03713042470150653
562,C,R1,13,275.0,4.99375277183027,0.027858988756826464,0.13912090232479046
563,C,R2,17,13.0,2.749800804128121,0.16932028828219953,0.46559706487359753
564,B,R1,5,10.0,5.681585617716476,0.19454068728038587,1.105299570912919
565,C,R2,5,10.0,9.431556493953408,0.1994907509923492,1.8815082880055334
566,C,R3,1,8.0,2.040834166329215,0.09055722891298255,0.18481228677371064
567,B,R3,2,310.0,0.8700089210596698,0.02745635351806691,0.02388727250048626
568,B,R2,12,5.0,0.8334703727593182,0.07114572244557782,0.05929785180694674
569,B,R1,7,0.0,2.8728415177958673,0.1337714018711832,0.38430403718929085
570,C,R3,6,52.0,6.221051395493518,0.11308955618026911,0.7035359412910058
571,C,R2,5,17.0,3.392244442559836,0.14938570982772698,0.5067528439609631
572,C,R1,7,30.0,1.0920136879675932,0.16629382341438095,0.18159513139296984
573,A,R2,9,16.0,2.6281835839421093,0.06964532672794968,0.18304070440468195
574,B,R3,19,14.0,6.571022195323046,0.0782127349632781,0.5139376174006193
575,B,R1,10,31.0,0.5,0.1543077007348236,0.0771538503674118
576,B,R1,3,7.0,3.8259913907711622,0.1781792074084442,0.6817121135591369
577,A,R2,13,22.0,4.230265756246662,0.17416391757684038,0.7367596564990739
578,C,R1,13,0.0,3.41365753473785,0.17897768963450694,0.610968538770807
579,A,R2,5,23.0,6.777205052727252,0.13143511084524517,0.8907626973261621
580,C,R2,10,27.0,0.5,0.09434859924473753,0.047174299622368764
581,B,R3,15,0.0,5.020945975165572,0.10837915251525813,0.544165869613341
582,B,R3,17,103.0,5.662749140550554,0.026822186865735145,0.15188731562162805
583,A,R1,20,13.0,0.5,0.13406701637612184,0.06703350818806092
584,C,R3,4,11.0,5.45106556720281,0.0643150290780124,0.35058544046080087
585,B,R1,20,17.0,4.49040677638959,0.11605866369385325,0.521150609909599
586,B,R1,4,0.0,10.798658273551865,0.0742040871802093,0.801304579959931
587,B,R2,9,12.0,8.833904486532926,0.06475314634423465,0.5720231100074576
588,B,R2,6,27.0,1.524860774440409,0.05092230409049919,0.0776494240517286
589,C,R1,3,0.0,8.737578059939029,0.17714216338111496,1.547793480248965
590,B,R1,5,43.0,6.331416353092472,0.13339802421312774,0.8445984319732225
591,A,R2,9,-0.0,3.9676347804905117,0.1975439170100015,0.7837821158032132
592,B,R2,9,32.0,5.385419202039827,0.1204517253348994,0.6486830345373944
593,B,R3,2,5.0,3.1258497338575695,0.1380987611829103,0.4316759758896602
594,B,R3,20,18.0,5.766022929251578,0.17170892602503376,0.9900776046175077
595,C,R2,4,48.0,0.5,0.1376228909416847,0.06881144547084235
596,C,R1,20,0.0,0.7194954640583506,0.06294188259530475,0.045286399026615014
597,B,R1,13,0.0,1.4235187138457661,0.18932972486350408,0.2695144064304681
598,C,R1,16,205.0,8.239022302049651,0.022737418559264887,0.18733409860082106
599,B,R2,18,114.0,2.9978697790358644,0.02200887695014301,0.06597974707935275
600,B,R2,11,19.0,2.5936892137984455,0.19126638892964676,0.4960855699290032
601,C,R1,16,10.0,4.795754187986957,0.10914780612749299,0.523446048345513
602,A,R3,3,9.0,0.5,0.16397250792468204,0.08198625396234102
603,A,R2,1,22.0,5.872292743246783,0.058635405899293225,0.34432426855974924
604,B,R3,2,20.0,0.5,0.07157182908272111,0.035785914541360556
605,B,R3,8,43.0,4.0587547827285055,0.11409911957670617,0.46310034728706784
606,A,R1,6,42.0,3.7921131535093062,0.058861543597632876,0.22320963371244512
607,C,R3,2,7.0,0.5585118557112638,0.087949566076402,0.0491208753583317
608,B,R2,3,9.0,4.6602192892987215,0.11751298225147665,0.5476362666313498
609,B,R3,20,19.0,5.427141074386543,0.17900040525484553,0.971460451690409
610,A,R1,16,19.0,7.3486889632263175,0.09028031351141282,0.6634419434979312
611,B,R1,3,23.0,3.0835855925779514,0.0679521954419702,0.20953641084890046
612,A,R1,19,21.0,5.942048034058993,0.10226408443816976,0.6076581018906694
613,B,R3,7,0.0,3.197037179621004,0.022997325282019837,0.07352330395845552
614,A,R3,2,15.0,1.4082178658131714,0.18449530521626448,0.25980958496419765
615,A,R2,7,43.0,0.5,0.1774912151873866,0.0887456075936933
616,B,R3,17,12.0,3.3173214498709016,0.06954295589966339,0.23069633929337952
617,C,R2,9,0.0,8.324587347622677,0.1365939746653868,1.1370884732609714
618,B,R3,3,6.0,4.01925120700236,0.12024128231788964,0.4832799190876894
619,A,R3,17,8.0,4.973207028397919,0.09799262984176678,0.4873376354602702
620,B,R2,18,3.0,3.274103967566122,0.10628489310254974,0.34798779019939924
621,A,R2,17,49.0,4.703322946801516,0.0746282017019669,0.35100053354339295
622,C,R1,1,374.0,5.18751351974273,0.025219831467588563,0.1308282167037488
623,B,R1,20,23.0,5.137926161370327,0.07805672710171363,0.40104970024683867
624,A,R2,6,31.0,8.652768105711841,0.0863535169044491,0.7471969568868655
625,C,R3,10,35.0,3.2174677034687393,0.19661916822370346,0.6326158236426529
626,C,R3,4,0.0,2.5154112570665474,0.12963747070511183,0.3260915531492731
627,A,R3,6,16.0,2.7249512525168935,0.11380790633867637,0.3101209969239015
628,B,R3,12,19.0,0.5,0.17222292233839936,0.08611146116919968
629,A,R1,4,1.0,7.62378787724033,0.07214517699536196,0.5500195257785985
630,C,R1,17,26.0,4.073651266665811,0.056391257019200725,0.22971831558514436
631,C,R2,13,5.0,6.0049571929079715,0.15182197440909911,0.9116844572694097
632,B,R1,1,4.0,7.614321639763204,0.13233100276361107,1.007610817954528
633,C,R3,7,39.0,5.780964789926347,0.16168379739490857,0.9346883398415518
634,C,R1,7,31.0,6.465460193444388,0.18856579338579896,1.2191646309811421
635,B,R2,17,0.0,2.7985868966874192,0.15886268274431048,0.4445910223008379
636,C,R3,5,0.0,5.199936248744783,0.1197717795961028,0.6228056182984457
637,B,R1,13,27.0,0.5,0.11922969324709037,0.05961484662354519
638,B,R2,16,25.0,1.047103099659565,0.10952252342720613,0.11468137376316485
639,B,R2,3,16.0,8.012917560598563,0.198680817849306,1.5920130142987885
640,B,R1,3,39.0,3.930687740217928,0.11928706360293911,0.46888019847066903
641,A,R1,7,9.0,0.6317126820486152,0.18329350632313446,0.11578883248148207
642,C,R1,7,4.0,2.83919765702051,0.14783193675228815,0.4197240884599007
643,C,R2,14,22.0,1.163542768273996,0.07663406945795682,0.08916701732121278
644,B,R3,16,30.0,2.5616877674477165,0.08971722784677057,0.2298275251043918
645,A,R3,17,9.0,6.47545718765825,0.09005614278455415,0.5831546970870188
646,B,R1,6,14.0,6.465654617978098,0.1365387948711364,0.8828126895917273
647,A,R2,19,17.0,2.7354534349977118,0.11980100505214195,0.3277100707860599
648,B,R2,4,21.0,3.9702661219177564,0.16416437690539457,0.6517762640532258
649,B,R2,13,27.0,6.281254324978695,0.19136199345893184,1.2019933490504604
650,B,R3,6,25.0,2.8739822082923725,0.16222509443642974,0.46623203514884903
651,C,R2,16,33.0,4.678824006586756,0.16364603787953583,0.7656710106135778
652,B,R2,15,17.0,5.077006204638636,0.05089725359550523,0.2584056723034462
653,B,R1,12,12.0,8.015824699219266,0.15408194319178745,1.2350938459404297
654,B,R3,17,15.0,2.6601597906699928,0.160566671997394,0.427133004569165
655,A,R3,5,176.0,5.45783397010011,0.02955882918086167,0.16132718201969326
656,A,R2,20,21.0,6.2507286342571895,0.06311456251393452,0.39451200314446594
657,A,R2,2,7.0,4.634103360953406,0.10211697406910493,0.473220612744031
658,A,R1,12,15.0,3.65702898578097,0.1382657518442793,0.505641862235328
659,B,R3,6,17.0,5.638529239580098,0.05873354681329132,0.3311708210509896
660,A,R1,19,43.0,9.449355256133806,0.17052284486667668,1.611330940431821
661,B,R2,8,4.0,3.911784524377193,0.13855193454722092,0.5419853133843406
662,B,R2,20,12.0,7.362625092593067,0.16593001375126476,1.2216804828593746
663,A,R3,9,38.0,5.345017857813638,0.19860262106415674,1.0615345561965128
664,C,R3,14,26.0,0.7771580942296978,0.0980898166711615,0.07623129498750031
665,A,R2,18,228.0,4.965758386480405,0.023442734968836428,0.11641095777353695
666,A,R2,17,420.0,2.6981792673076783,0.02229848131991953,0.06016529998985443
667,A,R3,12,38.0,3.3293144221638573,0.1550366795545009,0.5161658532051963
668,A,R2,5,12.0,2.131648166011397,0.11182576406704227,0.2383731848863338
669,B,R1,20,320.0,3.111858844662212,0.02180405284358334,0.06785113469078707
670,C,R2,20,11.0,6.071902786492355,0.1404432834497085,0.8527579641224207
671,B,R2,16,30.0,3.3481323682533315,0.07499680909537107,0.2510992440479277
672,C,R1,19,38.0,5.756219174891207,0.14923071650507277,0.8590047118292536
673,B,R2,18,12.0,7.848702382687168,0.12962507906153575,1.0173886668862882
674,C,R3,20,24.0,1.1354601775481528,0.14262610231700462,0.16194625945986707
675,B,R2,11,22.0,2.9602229298430207,0.0949949774524724,0.28120631047472955
676,B,R1,19,27.0,2.63152662556078,0.18522787788307704,0.487432092445438
677,A,R3,10,26.0,3.878602408825996,0.17028159279102875,0.6604545959780115
678,B,R1,20,38.0,1.9550201609355469,0.09555458619688648,0.18681114248476657
679,B,R3,13,0.0,0.5,0.07370755759864267,0.036853778799321335
680,A,R3,14,14.0,3.1663460490464477,0.19440202853537816,0.6155440949796094
681,A,R3,9,15.0,6.542220669352293,0.0516923232675896,0.33818258572806514
682,B,R1,16,27.0,6.6019759255763795,0.07073835279745769,0.4670129021837442
683,A,R1,5,0.0,1.0568251519237277,0.154567621633466,0.16335095021527696
684,C,R3,19,28.0,5.33760456920551,0.08704506358445438,0.46461212911516786
685,B,R3,8,16.0,4.826255499581498,0.14175423638683673,0.6841421629509464
686,C,R3,7,21.0,2.164373465540081,0.06461207538260635,0.13984466151158867
687,B,R2,19,28.0,8.628083857256318,0.1888358979607238,1.6292919628654223
688,C,R2,9,37.0,4.122945929940672,0.18534162058215498,0.764153480227804
689,A,R3,8,9.0,4.292884912876678,0.08883619573632401,0.3813635643938248
690,C,R1,5,22.0,6.9017369658637575,0.11473649808486702,0.791881130166083
691,B,R1,10,50.0,3.7041620395320014,0.1423555918020685,0.5273081792683351
692,C,R1,8,11.0,7.555168209202012,0.11673421394055639,0.881946622089878
693,B,R2,18,24.0,3.874627626512212,0.17880031546833702,0.6927846419427175
694,C,R3,1,16.0,3.6253900557756507,0.17464290639741023,0.6331486561649288
695,A,R2,15,7.0,2.8051037214617898,0.11333480563543986,0.317915885059121
696,B,R1,7,13.0,3.819413731536055,0.08340791485531286,0.318569335317172
697,A,R2,7,52.0,4.980802443570201,0.07610748784392092,0.3790763614269907
698,C,R1,19,4.0,4.687679992654973,0.10344419794081448,0.48491329704339675
699,A,R2,13,42.0,4.957428503337184,0.11584087261834004,0.5742728437696109
700,B,R2,8,20.0,7.135070860782589,0.13799672565567464,0.9846164161092132
701,C,R1,16,33.0,4.474510199695222,0.0717383541541547,0.32099399737211326
702,B,R1,12,47.0,6.194504528460618,0.1502134745199549,0.9304980481496642
703,C,R2,4,10.0,3.5375687058833862,0.12384100143259034,0.4380960511731912
704,A,R1,14,5.0,0.5,0.10831251998325857,0.054156259991629284
705,B,R2,11,23.0,9.05409712923265,0.1516021471888381,1.3726205656479646
706,C,R1,20,17.0,4.674797764999038,0.19323778843456826,0.9033475814872767
707,C,R2,7,23.0,6.0254443194823635,0.08911048955981125,0.5369302931244572
708,A,R3,16,23.0,0.5,0.10513901589408571,0.052569507947042855
709,A,R3,15,21.0,9.487390348317616,0.15907494602309247,1.5092061075586332
710,A,R3,14,13.0,4.725724758578153,0.08807011401684234,0.4161951183001926
711,C,R2,6,14.0,2.986755869370901,0.14952805530729002,0.44660379682466517
712,A,R1,19,2.0,3.5046921414321734,0.0955175184571249,0.3347594963057882
713,B,R3,11,41.0,3.677677294680936,0.14967005185830667,0.5504381514130127
714,A,R3,14,23.0,4.342102629480517,0.1856207014216926,0.8059841357291494
715,C,R1,14,22.0,5.311535254956745,0.16070087719334647,0.8535683747149341
716,A,R2,15,13.0,4.883286726721186,0.19112562934515734,0.9333212489174401
717,B,R3,6,11.0,0.5,0.17206812923428086,0.08603406461714043
718,A,R1,15,25.0,1.0768859917926026,0.1802597355727425,0.1941191841225251
719,A,R1,10,20.0,5.499032196980849,0.08297738937137976,0.45629533577463377
720,A,R2,5,28.0,5.421525231089204,0.08947908910826151,0.4851131392553189
721,C,R1,16,13.0,0.5,0.12897136080615634,0.06448568040307817
722,C,R3,16,21.0,10.528232305691287,0.12750200487613328,1.3423707267773144
723,A,R3,18,35.0,3.795248599927365,0.10445451132413379,0.39643083785901584
724,C,R2,16,15.0,3.176518348200671,0.18500295790185806,0.5876652902466485
725,A,R2,18,12.0,4.11898409137415,0.13210026004911798,0.5441188696087051
726,C,R3,2,98.0,8.985363517203085,0.02377503634848629,0.213627344225866
727,C,R2,1,47.0,0.5,0.08311562554509458,0.04155781277254729
728,B,R1,18,0.0,1.661828504605114,0.1379250028171822,0.22920770117933403
729,C,R3,16,21.0,7.686390622692729,0.06882132783960515,0.5289876089476031
730,B,R1,7,33.0,6.22258698236745,0.11885329335677797,0.7395749560533863
731,B,R3,14,463.0,1.4065508671127742,0.023176507060659733,0.03259893610281628
732,B,R1,7,35.0,0.5255203338380925,0.11949840064222189,0.06279883939861858
733,B,R3,5,13.0,0.5,0.0945682268314288,0.0472841134157144
734,A,R1,9,0.0,0.5,0.13778870268361576,0.06889435134180788
735,A,R3,11,27.0,3.8826445991165057,0.16453710366116492,0.6388390968842946
736,A,R1,18,14.0,3.8033266484021717,0.13364673491343987,0.5083021883682267
737,B,R2,11,11.0,0.6174022519182749,0.174735047497397,0.10788181181393963
738,B,R2,6,19.0,3.806809675912529,0.05679997325114319,0.21622668776402473
739,B,R2,10,0.0,7.769545425766028,0.0789571226905312,0.6134609514318637
740,A,R3,7,391.0,9.970662946605694,0.022796627375905758,0.22729748788452053
741,C,R3,18,34.0,3.6852667398959045,0.05645459335514011,0.20805023520604618
742,C,R1,2,1.0,4.652402851002982,0.12526135362879964,0.5827662787431203
743,C,R2,4,22.0,0.5,0.05911663185905158,0.02955831592952579
744,C,R3,16,265.0,4.765626496431039,0.020810401737280305,0.09917460192055755
745,A,R2,2,11.0,0.5,0.07361871492095387,0.036809357460476935
746,B,R1,14,14.0,1.9277647894023429,0.1904461106605587,0.3671353064100472
747,A,R2,16,28.0,0.5,0.09432481558753435,0.04716240779376717
748,C,R1,13,37.0,0.6071262494262006,0.14471948271919371,0.08786299676220394
749,C,R1,13,37.0,0.5,0.143472595299886,0.071736297649943
750,C,R3,11,6.0,5.010251581981985,0.11567937103038789,0.5795827517076819
751,B,R2,7,414.0,8.130059675376543,0.021644390421865042,0.17597018576691126
752,A,R1,15,-0.0,1.9466862225997281,0.13296179371445205,0.25883489195607096
753,C,R2,13,8.0,3.868039779168095,0.0576755350740073,0.2230912639510649
754,A,R1,12,31.0,0.5,0.15380607069306257,0.07690303534653128
755,C,R3,10,39.0,0.5,0.1773950726605464,0.0886975363302732
756,C,R2,12,34.0,3.433997933982174,0.08641402535699555,0.2967455845430059
757,A,R2,20,14.0,2.792367657303417,0.07382162964692801,0.20613713103551284
758,A,R3,18,0.0,2.5036914179871563,0.15942838625509,0.3991594824504104
759,A,R2,12,9.0,4.095390787181315,0.09712677105047378,0.39777208334877917
760,A,R1,6,24.0,1.1464846020923636,0.09635417800482787,0.11046858142980186
761,B,R2,3,8.0,2.8575718446191063,0.19527512086632967,0.5580126873422167
762,A,R3,16,20.0,0.5,0.0274147610964788,0.0137073805482394
763,B,R2,10,84.0,4.740195871008376,0.022034888438623994,0.10444968719489564
764,A,R2,8,30.0,4.8178809924909425,0.09976152376891897,0.4806391491482081
765,A,R2,13,14.0,7.10069942533163,0.16138531288163946,1.1459485984356226
766,B,R3,13,32.0,5.305587553513704,0.1993621324605271,1.057733248624523
767,A,R1,9,33.0,5.252156753851111,0.0939933671055001,0.4936678978603592
768,C,R1,7,20.0,0.5,0.06859675585221928,0.03429837792610964
769,B,R2,2,32.0,2.3460896801709614,0.193159935648627,0.4531705316477308
770,A,R1,15,28.0,1.912711355014277,0.07992939848665813,0.15288186808489196
771,B,R3,10,10.0,6.995029263456093,0.1741298183877819,1.2180431752628293
772,C,R2,6,60.0,5.20457631865364,0.17599120739997565,0.9159596703251744
773,C,R2,7,2.0,2.739448861112915,0.10900605536929153,0.29861651423581703
774,B,R3,7,19.0,2.4077455984490617,0.15308335991678887,0.3685857860354419
775,C,R2,8,0.0,9.137468738634642,0.07823826216591712,0.7148996747061691
776,C,R1,9,31.0,6.84740463724536,0.12583281211717673,0.86162818120878
777,C,R3,6,6.0,0.5,0.18552167320125024,0.09276083660062512
778,C,R2,16,5.0,4.981022413220167,0.14720300402967423,0.7332214623651458
779,A,R2,12,8.0,2.984855439629154,0.17690006969562358,0.5280211353017585
780,B,R2,2,0.0,5.8271044820572335,0.09917390117166988,0.5778966840205387
781,A,R1,15,73.0,0.8897593448384953,0.021469375309897003,0.019102577309825723
782,A,R2,3,29.0,2.8880609761082447,0.15845592919707355,0.45763038554703916
783,C,R2,1,37.0,1.8795360413035942,0.10588316880344238,0.19901123193350231
784,A,R2,13,15.0,1.8860975202218633,0.05320642972299619,0.10035251516040196
785,C,R1,3,43.0,11.141585108466606,0.17472530972537592,1.9467169089084637
786,B,R2,12,31.0,6.560129444280767,0.16721223341711675,1.096933895883576
787,A,R3,12,0.0,4.592544021463552,0.12272039357121099,0.5635988098071192
788,C,R2,19,10.0,7.266683853479805,0.14735593237286093,1.0707889744883305
789,A,R2,12,36.0,1.5333594571819162,0.13599174008063178,0.20852422075126179
790,A,R1,7,8.0,3.9791150840247305,0.17611951028304906,0.7007997999583292
791,C,R1,1,11.0,4.751481548184616,0.19263871406616728,0.9153192953514061
792,B,R1,18,33.0,5.381338940437953,0.0701523331795372,0.37751348230162096
793,C,R1,1,43.0,3.015857533881564,0.0935095768019554,0.2820115616882539
794,A,R2,20,0.0,3.5528310692887928,0.0792559965133213,0.28158316683997214
795,A,R1,3,17.0,0.5,0.07489655902440964,0.03744827951220482
796,B,R2,9,38.0,0.5,0.09569017935957005,0.04784508967978503
797,A,R3,1,36.0,3.737519373002016,0.050633700705878054,0.1892444373150051
798,C,R2,20,18.0,1.8055201333031388,0.13769585784421456,0.24861264361017632
799,A,R3,2,39.0,4.8491028083253305,0.19365526287336052,0.9390542790461925
800,C,R1,9,26.0,3.5205811115601966,0.08610323698176105,0.30313342976217933
801,B,R3,6,20.0,3.8555989523789473,0.18188056303992414,0.7012585083148246
802,A,R3,14,0.0,7.332520393262479,0.12618060226457284,0.925221839339122
803,C,R2,4,0.0,5.800071380283361,0.19583691264313446,1.135868072224497
804,B,R1,5,31.0,4.4503623807530195,0.19732274615573625,0.8781577263583661
805,A,R1,11,6.0,8.384902531188121,0.07490112072122915,0.6280385967242613
806,C,R3,16,0.0,5.859236603167647,0.17839119337039813,1.0452362098785943
807,C,R1,3,35.0,12.722130277261945,0.08888457091675508,1.1308010908414863
808,A,R2,10,224.0,9.517023005017505,0.023163254624363385,0.22044522713114442
809,A,R1,13,26.0,9.577326120511406,0.08801064427599581,0.8429066423075323
810,C,R2,5,22.0,10.340049847396937,0.0893914323822755,0.9243118667629414
811,A,R1,13,38.0,3.917782604381169,0.07382719232689675,0.289238889828619
812,C,R2,2,14.0,0.9572861671833706,0.078866963371278,0.075498253083082
813,C,R1,16,10.0,0.5,0.17264033885351587,0.08632016942675794
814,C,R1,4,27.0,4.7929568113652286,0.1140558791395694,0.5466649027982484
815,A,R2,18,0.0,1.7176922278499003,0.02151756578119232,0.03696055550460302
816,B,R3,16,37.0,2.3540452019093183,0.15977764534273575,0.37612379939143586
817,A,R2,13,57.0,5.401617684256854,0.0866119836519211,0.46784482256278254
818,C,R1,14,48.0,0.5,0.1648069024425426,0.0824034512212713
819,A,R2,6,7.0,1.485852673484156,0.05771124075131878,0.08575040136043478
820,A,R3,8,23.0,7.7150803682974,0.1560716932583664,1.2041056567045563
821,A,R1,16,19.0,4.089066261856013,0.10514279984660727,0.42993587552984136
822,C,R2,20,0.0,3.372427385533662,0.06783464163934289,0.228767403152382
823,A,R3,10,38.0,0.5,0.05655688616648083,0.028278443083240415
824,B,R1,1,15.0,7.1036817959080025,0.08308407788519781,0.5902028516028823
825,C,R1,7,6.0,0.6497671228591062,0.05896216616543318,0.03831167706685405
826,A,R2,20,14.0,3.323790762198276,0.17458673126734647,0.5802897645887991
827,B,R1,15,54.0,9.74653572983325,0.18520053700995495,1.805063651151831
828,C,R1,4,28.0,2.864057496370046,0.07604177235427179,0.21778800814851662
829,C,R3,17,21.0,3.5575401239396345,0.18851753109865707,0.6706586809495104
830,A,R1,12,28.0,6.921636040766729,0.15083967698781248,1.0440573446164547
831,A,R3,6,5.0,1.0871829767871053,0.07715645755423985,0.08388318720216642
832,A,R2,18,30.0,3.0150809125086946,0.09287759999752299,0.28003347895214914
833,C,R1,1,39.0,4.832622232926696,0.1590683902812926,0.7687174394292354
834,B,R3,8,2.0,4.747478113316362,0.11783994161092279,0.5594425436723339
835,C,R1,7,50.0,2.1734459641653974,0.07273843849337563,0.15809306558312025
836,B,R2,18,16.0,3.1199921351236104,0.14817901364599084,0.4623173571658656
837,C,R2,2,29.0,0.5,0.05330964256176393,0.026654821280881966
838,C,R3,11,13.0,3.5553062247232856,0.19073377417988502,0.6781169746067107
839,B,R3,5,93.0,1.111208340958337,0.022063471943997007,0.02451711405466973
840,C,R3,8,19.0,4.166785531280221,0.10628692088692397,0.4428748041159603
841,B,R2,8,18.0,3.7388833548160374,0.153069846661261,0.5723103018060319
842,A,R2,1,261.0,3.859905364038121,0.02647788596130154,0.10220213405041748
843,C,R2,16,15.0,4.696169594374959,0.16717006485728542,0.7850589756724737
844,B,R2,18,30.0,3.025656745227045,0.09902872577318161,0.29962693210686625
845,B,R2,6,17.0,2.8591627730244564,0.17267704644172507,0.4937117829419955
846,A,R3,16,17.0,2.3406005505783845,0.05940144560130639,0.1390350562795697
847,B,R3,8,22.0,3.1056190904889327,0.07995960527965963,0.24832407662447062
848,C,R2,1,33.0,0.6100935404820573,0.07599870594606342,0.046366319582688616
849,B,R3,10,48.0,3.4434331357946695,0.10040939748574838,0.34575304644760396
850,C,R2,9,23.0,8.215652841515285,0.14206981638729038,1.167196290695797
851,B,R2,13,30.0,1.394537486592891,0.05982672991529284,0.08343061756714419
852,A,R3,4,26.0,2.115244961446733,0.1557492591890249,0.3294478357486462
853,B,R1,6,14.0,4.013774225322906,0.16246623579229097,0.6521027897083312
854,B,R1,17,13.0,6.462166044074744,0.13660603404424582,0.8827708746164438
855,B,R2,8,12.0,0.5,0.10024831713042105,0.050124158565210526
856,C,R2,6,5.0,0.5,0.1458365462035019,0.07291827310175095
857,B,R1,10,16.0,6.7957225615508206,0.08232579318824607,0.5594632501669307
858,A,R1,13,34.0,9.33785309288756,0.05008024696761565,0.46764198903912263
859,B,R2,4,32.0,0.5,0.1096438594715117,0.05482192973575585
860,A,R1,11,345.0,8.750705345094548,0.024080815767898302,0.21072412325438475
861,B,R3,4,0.0,0.5,0.11174491422124236,0.05587245711062118
862,A,R1,5,3.0,8.256558312857731,0.13151941024259275,1.0858976799406255
863,A,R3,9,51.0,9.81115409003291,0.02963160807870162,0.2907202727956056
864,B,R2,14,5.0,4.362486682298771,0.1602112781269845,0.6989195671830342
865,B,R3,10,19.0,0.5,0.020147714836986682,0.010073857418493341
866,B,R2,16,22.0,6.311056673237211,0.0787583231553528,0.49704824092256206
867,C,R2,16,24.0,1.3787538226624725,0.1054219458261873,0.14535091080037182
868,B,R3,13,44.0,4.301633198720447,0.1795276978775063,0.7722623052797355
869,A,R3,1,21.0,8.23819427693293,0.17705980608006783,1.458653081123669
870,C,R3,19,28.0,2.2155706565384965,0.1471266824318995,0.32596956038997443
871,B,R2,5,0.0,0.6162466141735448,0.1820278313685907,0.11217403476624697
872,C,R1,19,2.0,2.9873505473501183,0.11235543589511929,0.3356450729190457
873,A,R3,18,18.0,5.917173107894303,0.12729270048702412,0.7532129441530633
874,C,R2,18,11.0,4.842940755396462,0.17879811056227154,0.8659086566299076
875,C,R3,20,39.0,3.1200912229293287,0.08742354827564205,0.2727694456521692
876,C,R2,8,36.0,2.1988729862882224,0.15761270665670413,0.34657032296319656
877,A,R2,18,19.0,2.278759787975652,0.13063724925369227,0.29769091041106616
878,A,R2,11,28.0,5.375371795081298,0.15329925431529456,0.8240404878534293
879,C,R2,16,6.0,0.6619116604560826,0.09873318890195258,0.0653526490082155
880,B,R2,5,2.0,6.215929395243508,0.19255973059961282,1.1969376897743043
881,C,R2,16,21.0,1.5991721231160758,0.11731856272075204,0.18761257502707154
882,B,R1,4,10.0,5.777546710051664,0.1349050508506468,0.7794202327115068
883,B,R2,6,2.0,8.28097934925881,0.14132129115359224,1.1702786936534892
884,A,R1,15,22.0,0.5346504578133411,0.19767576350951618,0.10568743745896457
885,A,R1,5,6.0,5.676640987151208,0.10164313531713542,0.5769915880038075
886,C,R3,11,34.0,4.129845946607299,0.12922512052644092,0.5336798402059617
887,A,R3,14,179.0,2.425623827427179,0.022651015478362187,0.05494284285973716
888,C,R1,9,23.0,2.131817212271566,0.12573676897950356,0.2680478083259192
889,B,R1,10,36.0,2.581717280738331,0.026104400639413185,0.06739418223408976
890,C,R3,4,313.0,6.824418820391557,0.023504952570915026,0.1604076406973634
891,A,R3,10,35.0,5.291843879155387,0.1730471291867195,0.9157383913921531
892,C,R1,17,270.0,4.038335499287127,0.029200561778568373,0.11792166522951951
893,C,R1,7,27.0,6.244392398615043,0.11850162013378007,0.7399706159869436
894,B,R2,16,19.0,5.6858057758544716,0.09477990010478196,0.5389001034506791
895,C,R3,5,17.0,2.120502145950824,0.08474205867973048,0.17969571728265912
896,A,R2,13,46.0,1.956746710921752,0.1654710698456945,0.32378497167326625
897,C,R2,2,191.0,0.5,0.026272965009195685,0.013136482504597842
898,B,R2,6,8.0,3.0392907765526047,0.05062623310896025,0.153867843339665
899,B,R2,9,26.0,2.573287432767086,0.056000273761657726,0.1441048007023902
900,B,R2,9,17.0,6.864994834073853,0.07982123607107708,0.5479723732773336
901,B,R3,16,4.0,1.1474938298961614,0.14181890780481451,0.16273632166863722
902,B,R1,6,5.0,4.7766853697937455,0.09797902099851259,0.46801495615030925
903,C,R1,9,22.0,2.519228659765475,0.15087589135314694,0.3800908695645098
904,A,R3,7,0.0,5.568810995290104,0.143589262700676,0.7996214649331238
905,C,R3,5,1.0,3.2637417116350775,0.12421874603495961,0.4054179028013021
906,A,R2,3,32.0,5.114096149914814,0.05136685191261972,0.2626950195995729
907,A,R1,11,471.0,6.881432456300155,0.023292632190542912,0.16028667514866377
908,A,R3,17,27.0,1.535217892532995,0.1975256559301304,0.30324492121825225
909,C,R1,12,193.0,2.152531987215607,0.029112308889581856,0.06266517610652621
910,C,R3,3,36.0,0.5,0.16894361854042927,0.08447180927021464
911,A,R2,4,335.0,3.6847528794257145,0.022399836161418222,0.08253786079445004
912,B,R1,19,20.0,5.46579846219407,0.06955174118786517,0.3801558000275534
913,A,R1,1,57.0,3.9071322881135657,0.14705996047937775,0.5745827198776817
914,B,R3,17,56.0,6.298968586013656,0.16856445161450984,1.0617821854384164
915,A,R3,8,25.0,3.410484903838337,0.16122459932393363,0.5498540621216602
916,A,R2,15,26.0,5.422701181418432,0.08671538002310483,0.4702315936984389
917,A,R1,14,17.0,7.636377741032556,0.09226748051949162,0.7045893344602008
918,C,R1,3,64.0,5.452449510085776,0.02772398750860111,0.1511636421088963
919,C,R3,2,52.0,7.037028697551891,0.02044706832908246,0.14388660661255767
920,A,R3,15,24.0,3.476432770650714,0.1936860235423617,0.6733364394596919
921,B,R2,12,9.0,2.283926060757014,0.18797290783661783,0.42931622292432786
922,A,R2,19,498.0,1.3408545227343196,0.02613885632954987,0.035048403728579536
923,C,R1,10,0.0,2.5862513648145935,0.09349826592426305,0.24181001785442313
924,C,R1,2,10.0,3.251108162689179,0.1060127093324798,0.3446587846596204
925,A,R3,2,29.0,3.3107180356014227,0.15397105313847084,0.5097547425860804
926,C,R2,16,0.0,3.1288116212401658,0.027369672519440436,0.08563454944836284
927,A,R3,4,19.0,0.9846055632150241,0.0748533962640042,0.07370107038707724
928,B,R3,15,39.0,5.436422854997026,0.13850031894500658,0.7529462993370114
929,B,R1,1,-0.0,2.9459991512407395,0.18183659815310788,0.5356904638235592
930,C,R2,17,32.0,0.5,0.06234330990037393,0.031171654950186964
931,A,R3,15,27.0,1.3697703035144144,0.15078180066175859,0.20653643285690698
932,C,R3,13,8.0,0.534763729442159,0.10561645835633676,0.056479851161107125
933,A,R1,3,20.0,3.376030717809586,0.17188471017251278,0.580288061464201
934,B,R1,16,48.0,4.0300023043857065,0.0974887786531292,0.39288000262385875
935,A,R2,8,-0.0,1.8000811893924018,0.14753867630311934,0.26558159592109964
936,B,R1,3,36.0,10.89104569078937,0.12902053097853255,1.4051684979371035
937,A,R3,14,49.0,9.34653659035214,0.12978417675477025,1.2130325568871896
938,A,R2,7,20.0,3.4136124409739153,0.15543523815652108,0.5305956627368438
939,C,R3,13,31.0,3.820716777622667,0.07732166737120601,0.29542419179892593
940,C,R3,7,233.0,7.9499636620567795,0.025960080177532117,0.20638169407546084
941,C,R2,2,20.0,5.408645825059499,0.1658839370767184,0.8972074637144255
942,B,R3,5,23.0,0.8327050167395775,0.08053710765346261,0.06706365357673374
943,A,R2,20,25.0,2.9225803771082886,0.1150230787722713,0.33616419293442107
944,C,R1,14,30.0,1.831218326676253,0.17696721998897005,0.3240656164647501
945,B,R2,5,14.0,4.20572079953708,0.14256529145937563,0.599589811582762
946,B,R3,16,20.0,4.120365996672437,0.18358815755999516,0.7564504018019458
947,A,R3,10,3.0,6.602255629048603,0.11013556170345229,0.7271431322150477
948,C,R2,19,0.0,10.981651261348151,0.02536322674268333,0.27853011095064756
949,C,R2,19,0.0,0.9869080995334141,0.024794066232419643,0.024469464785142867
950,A,R1,1,0.0,2.908329995919736,0.15039640730707002,0.43740238264971393
951,B,R1,16,8.0,7.765437160092154,0.08349249013430876,0.6483556854775888
952,B,R1,5,12.0,5.115460692141536,0.16396871440153082,0.8387755132620127
953,C,R1,7,14.0,4.189248141657327,0.19138152635279929,0.8017447036210071
954,B,R1,10,199.0,7.6504329441521275,0.028003468382248715,0.21423865706207806
955,C,R1,14,49.0,7.215624077690902,0.02465255066328787,0.17788353814251479
956,B,R2,2,7.0,4.100555083815397,0.09887860169815303,0.4054571528739192
957,C,R2,5,39.0,4.487985411293805,0.10601349133722841,0.47578700252180334
958,A,R2,18,43.0,5.607379135817169,0.15682613825557445,0.8793836156050869
959,B,R2,11,321.0,5.215325334562149,0.02438885501879301,0.1271958134604744
960,A,R2,4,18.0,2.8214066080015705,0.09323752173219572,0.26306095992890705
961,B,R1,19,28.0,1.8595577327037405,0.05398785402586842,0.10039353142588439
962,C,R2,3,15.0,7.200086422520271,0.09697481469552045,0.6982270466156361
963,A,R3,12,17.0,4.201110087977294,0.17270326190542443,0.7255454158174632
964,B,R3,18,60.0,5.191860559645461,0.12638212925812414,0.6561583923392694
965,B,R2,8,35.0,6.365116581825096,0.13328903665840577,0.8484002574099117
966,B,R1,20,4.0,3.619246922400166,0.0787680444069804,0.2850810023034434
967,B,R1,10,362.0,7.008910751841899,0.02770564537322758,0.19418639574313354
968,A,R2,15,24.0,4.505917431752766,0.07743680846827904,0.34892386513651874
969,C,R1,4,24.0,7.467524259116925,0.0653431479067568,0.48795154216077175
970,C,R2,16,30.0,4.1819372518015046,0.056943675885080036,0.2381348794383272
971,C,R3,16,13.0,3.8546155369543103,0.06240438743409696,0.24054492137758646
972,A,R1,7,49.0,0.8505515035620936,0.1828708045067134,0.15554103773079475
973,B,R2,10,35.0,5.258423648750319,0.12374971029427317,0.6507284031374069
974,A,R1,14,17.0,1.9995600495379615,0.14488793226963378,0.2897121210265217
975,B,R2,13,24.0,2.24184811678308,0.19816599623692718,0.44425806547419816
976,C,R3,9,26.0,2.6797563541977296,0.1681545429890263,0.4506132050620585
977,C,R3,14,22.0,2.730077154869214,0.1565600775906337,0.42742109119474064
978,C,R2,11,21.0,3.9993487902009988,0.051729861506505076,0.2068857590333063
979,A,R1,2,88.0,2.8959872558159745,0.025136790381836582,0.07279582459791631
980,C,R1,14,18.0,8.106673168301688,0.1586548209085275,1.2861627796808695
981,C,R2,12,27.0,3.3448561736095925,0.08131986753223852,0.2720032609523223
982,A,R3,19,4.0,2.292485786299032,0.09754414435604966,0.22361856447294481
983,B,R2,4,107.0,5.352520008483355,0.026591455140067752,0.1423312956919002
984,B,R3,3,269.0,6.531015281509683,0.02197918293000268,0.14354637959094427
985,B,R3,14,15.0,3.1240584606714146,0.11121380675879534,0.3474384339482903
986,A,R2,14,18.0,4.472520248552478,0.17298907401456726,0.7736971363084955
987,B,R3,19,6.0,8.811472084083041,0.08646270122139631,0.7618636781267463
988,B,R2,6,79.0,2.2251823292741193,0.024768150315995538,0.05511365041195847
989,A,R1,14,27.0,7.0810558473736265,0.17915614540375419,1.2686146710041732
990,A,R1,14,12.0,2.1483536000466303,0.09871643934599779,0.21207781785275917
991,A,R3,2,223.0,6.633646004633208,0.022185746433689084,0.14717238818964704
992,C,R2,5,26.0,8.164998073505766,0.08291772460025554,0.6770230616205681
993,C,R2,14,75.0,1.2222110524259797,0.021577993570493982,0.026372862231034473
994,A,R3,3,0.0,4.552486190514315,0.06133744414348585,0.27923786742466244
995,A,R1,16,25.0,3.5984886623376364,0.10655544020860322,0.3834385435010546
996,C,R3,10,42.0,0.5,0.1836851757204781,0.09184258786023905
997,C,R3,17,17.0,3.9981153128552362,0.09833855735258268,0.3931688919954537
998,B,R2,6,21.0,4.181047235653997,0.11757308198134683,0.49157860940543097
999,A,R1,16,15.0,8.22559780187682,0.17185787451567316,1.4136337548513436
1000,B,R3,17,19.0,6.000649530456512,0.17862600325468517,1.0718720425575499
